[
{ "model":"编程、设计、IT软件","cModel":[
{
"title":"编程语言","child":[{"name":"C/C++"},
                            {"name":"VC/MFC"},
                            {"name":"JAVA"},
                            {"name":"Python"},
                            {"name":"PHP"},
                            {"name":"脚本语言"},
                            {"name":"Objective-C"}
                            ]
},{
"title":"常用软件","child":[{"name":"Photoshop"},
                            {"name":"3Dmax"},
                            {"name":"Flash"},
                            {"name":"Dreamweaver"},
                            {"name":"Maya"},
                            {"name":"Axure"}
                            ]
},{
"title":"设计制作","child":[{"name":"平面设计"},
                            {"name":"网站制作"},
                            {"name":"页面设计"},
                            {"name":"游戏设计"},
                            {"name":"三维设计"},
                            {"name":"CG动画"}
                            ]
},{
"title":"数 据 库","child":[{"name":"Oracle"},
                            {"name":"SQL Server"},
                            {"name":"MySQL"}
                            ]
},{
"title":"系统运维","child":[{"name":"Linux"},
                            {"name":"Vmware"},
                            {"name":"Windows"},
                            {"name":"网络管理"},
                            {"name":"Exchange"}
                            ]
},{
"title":"移动互联网","child":[{"name":"Android"},
                            {"name":"IOS"},
                            {"name":"Webapp"}
                            ]
},{
"title":"产品运营","child":[{"name":"产品设计"},
                            {"name":"网站编辑"},
                            {"name":"数据分析"},
                            {"name":"策划"}
                            ]
},{
"title":"其　　他","child":[{"name":"网络安全"},
                            {"name":"嵌入式培训"},
                            {"name":"移动通信"},
                            {"name":"云计算"},
                            {"name":"系统架构"}
                            ]
}
],
"tuijian":{"title":"推荐课程","desc":"孩子学琴，家长到底是什么角色一级建的点点滴滴多多多多多多多多多造师考试必看考点财务管理 零基础入门课"}
},
{ "model":"求职、职场、办公软件","cModel":[
{
"title":"求　　职","child":[{"name":"职业规划"},
                            {"name":"求职简历"},
                            {"name":"面试技巧"},
                            {"name":"跳槽"},
                            {"name":"就业指导"}
                            ]
},{
"title":"职场技能","child":[{"name":"演讲与口才"},
                            {"name":"自我表现"},
                            {"name":"情绪管理"},
                            {"name":"总结汇报"},
                            {"name":"团队技能"},
                            {"name":"管理技能"}
                            ]
},{
"title":"企业管理","child":[{"name":"企业培训"},
                            {"name":"财务/会计"},
                            {"name":"人力资源管理"}
                            ]
},{
"title":"其他技能","child":[{"name":"创业"},
                            {"name":"职场礼仪"},
                            {"name":"领导力培训"}
                            ]
}
],"tuijian":{"title":"推荐课程","desc":"孩子学琴，家长到底是什么角色一级建11111111111111111111111造师考试必看考点财务管理 零基础入门课"}
},{ "model":"英语、日语、韩语 、法语","cModel":[
{
"title":"英　语","child":[{"name":"英语口语"},
                            {"name":"英语词汇"},
                            {"name":"英语入门"},
                            {"name":"职场英语"},
                            {"name":"行业英语"},
                            {"name":"职称英语"}
                            ]
},{
"title":"日　语","child":[{"name":"日语入门"},
                            {"name":"日语口语"},
                            {"name":"日语考试"},
                            {"name":"日语语法"},
                            {"name":"日语词汇"},
                            {"name":"新标日"},
                            {"name":"大家的日语"}
                            ]
},{
"title":"韩语","child":[{"name":"韩语入门"},
                            {"name":"韩语口语"},
                            {"name":"韩语语法"},
                            {"name":"韩语词汇"},
                            {"name":"韩语考试"}
                            ]
},{
"title":"法语","child":[{"name":"法语入门"},
                            {"name":"法语口语"},
                            {"name":"法语词汇"},
                            {"name":"法语考试"}
                            ]
},{
"title":"小语种","child":[{"name":"粤语"},
                            {"name":"德语"},
                            {"name":"西班牙语"},
                            {"name":"柬埔寨语"},
                            {"name":"其他"}
                            ]
                            }
                            ],"tuijian":{"title":"推荐课程","desc":"英语单词解密 科学记忆333333333333333最简单易懂的日语发音德语日常用语一次搞定少儿英语口语发音"}
},{ "model":"营销、理财、专业技能","cModel":[
    {"title":"金  融","child":[{"name":"投资"},
                            {"name":"基金"},
                            {"name":"黄金"},
                            {"name":"股票"},
                            {"name":"期货"},
                            {"name":"保险"},
                            {"name":"理财"}
                            ]},
    {"title":"管 理 类","child":[{"name":"工商管理"},
                            {"name":"旅游管理"},
                            {"name":"公共管理"},
                            {"name":"其他"}
                            ]},
    {"title":"网络营销","child":[{"name":"电子商务"},
                            {"name":"对外贸易"},
                            {"name":"市场营销"},
                            {"name":"推销/促销销售"}
                            ]},
    {"title":"市场销售","child":[{"name":"法语入门"},
                            {"name":"法语口语"},
                            {"name":"法语词汇"},
                            {"name":"法语考试"}
                            ]},
    {"title":"医疗保健","child":[{"name":"中医"},
                            {"name":"西医"},
                            {"name":"临床医学"},
                            {"name":"医药保健/养生"}
                            ]
                            }
],"tuijian":{"title":"推荐课程","desc":"孩子学琴，家长到底是什么角色一级2222222222222222建造师考试必看考点财务管理 零基础入门课"}
},{ "model":"会计证、钢琴、建造师","cModel":[
    {"title":"财会考试","child":[{"name":"会计证"},
                            {"name":"会计职称"},
                            {"name":"注册会计师"},
                            {"name":"美国会计考试"},
                            {"name":"ACCA"},
                            {"name":"注册税务师"},
                            {"name":"审计师"}
                            ]
                            },
    {"title":"建造考试","child":[{"name":"室内设计师"},
                            {"name":"注册建筑师"},
                            {"name":"监理工程师"},
                            {"name":"项目管理师"}
                            ]},
    {"title":"金融考试","child":[{"name":"银行从业资格"},
                            {"name":"经济师"},
                            {"name":"金融分析师"},
                            {"name":"理财规划师"}
                            ]},
    {"title":"医药考试","child":[{"name":"执业药师"},
                            {"name":"执业医师"},
                            {"name":"护士资格"},
                            {"name":"卫生资格"}
                            ]},
    {"title":"企业管理类","child":[{"name":"人力资源师"},
                            {"name":"法律顾问"},
                            {"name":"企业培训师"}
                            ]
                            },
    {"title":"职业资格类","child":[{"name":"司法考试"},
                            {"name":"其他"},
                            {"name":"企业培训师"}
                            ]
                            },
    {"title":"IT类","child":[{"name":"考试资格"},
                            {"name":"认证软件"},
                            {"name":"水平考试"},
                            {"name":"职称考试"}
                            
                            ]}],"tuijian":{"title":"推荐课程","desc":"孩子学琴，家333333333333333长到底是什么角色一级建造师考试必看考点财务管理 零基础入门课"}
    },{ "model":"国考、省考、学历教育","cModel":[
    {"title":"国　　考","child":[{"name":"申论"},
                            {"name":"行测"},
                            {"name":"面试"}
                            ]},
    {"title":"省　　考","child":[{"name":"申论"},
                            {"name":"行测"},
                            {"name":"面试"}
                            ]},
    {"title":"其　　他","child":[{"name":"在职公务员"},
                            {"name":"军转干"},
                            {"name":"公选干"},
                            {"name":"政法干警"}
                            ]
    }                                                        

],"tuijian":{"title":"推荐课程","desc":"孩子学琴，家长到底是什么角我是隔壁老王我色一级建造师考试必看考点财务管理 零基础入门课"}
},{ "model":"高考、中考、小升初","cModel":[
    {"title":"高　　中","child":[{"name":"高一"},
                            {"name":"高二"},
                            {"name":"高三"},
                            {"name":"高考"},
                            {"name":"素质教育"}
                            ]},
    {"title":"初　　中","child":[{"name":"初一"},
                            {"name":"初二"},
                            {"name":"初三"},
                            {"name":"中考"},
                            {"name":"素质教育"}
                            ]},
    {"title":"小　　学","child":[{"name":"学前班"},
                            {"name":"一年级"},
                            {"name":"二年级"},
                            {"name":"三年级"},
                            {"name":"四年级"},
                            {"name":"五年级"},
                            {"name":"六年级"},
                            {"name":"小升初"},
                            {"name":"素质教育"}
                            ]},
    {"title":"品牌专区","child":[{"name":"新概念"},
                            {"name":"三一口语"},
                            {"name":"剑桥英语"}
                            ]}  
],"tuijian":{"title":"推荐课程","desc":"孩子学琴，家长到底是我是隔壁老王我是隔壁老王我是隔壁老王我是隔壁老王什么角色一级建造师考试必看考点财务管理 零基础入门课"}
},{ "model":"考研、四六级、计算机考试","cModel":[
    {"title":"考　　研","child":[{"name":"考研英语"},
                            {"name":"考研数学"},
                            {"name":"考研政治"},
                            {"name":"专业课复试/调剂"}
                            ]},
    {"title":"四 六 级","child":[{"name":"CET-4"},
                            {"name":"CET-6"}
                            ]},
    {"title":"等级考试","child":[{"name":"计算机二级"},
                            {"name":"计算机三级"}
                            ]}  
],"tuijian":{"title":"推荐课程","desc":"孩子学琴，家长到底是什么角rrrrrrrrrrrrrrrrrrr色一级建造师考试必看考点财务管理 零基础入门课"}
},{ "model":"雅思、托福、留学指导","cModel":[
    {"title":"留学考试","child":[{"name":"雅思托福"},
                            {"name":"GRE"},
                            {"name":"SAT"},
                            {"name":"SSAT"},
                            {"name":"GMAT"},
                            {"name":"AP"}
                            ]},
    {"title":"留学技巧","child":[{"name":"留学面试"},
                            {"name":"留学申请"},
                            {"name":"留学择校"},
                            {"name":"留学签证"}
                            ]},
    {"title":"留学指导","child":[{"name":"澳洲留学"},
                            {"name":"亚洲留学"},
                            {"name":"欧洲留学"},
                            {"name":"三年级"},
                            {"name":"美洲留学"}
                            ]}  
],"tuijian":{"title":"推荐课程","desc":"孩子学琴，家长到底是什eeeeeeeeeeeeeeeeeeeee么角色一级建造师考试必看考点财务管理 零基础入门课"}
},{ "model":"生活、文化、兴趣","cModel":[
    {"title":"生活技巧","child":[{"name":"美食"},
                            {"name":"化妆"},
                            {"name":"服饰"},
                            {"name":"购物"},
                            {"name":"婚恋讲堂"},
                            {"name":"生存逃生"},
                            {"name":"孕妇培训"},
                            {"name":"社交礼仪"},
                            {"name":"其它"}
                            ]},
    {"title":"文化艺术","child":[{"name":"国学"},
                            {"name":"文学"},
                            {"name":"美术/绘画"},
                            {"name":"乐器/乐理"},
                            {"name":"音乐"},
                            {"name":"影视"},
                            {"name":"其它"}
                            ]},
    {"title":"兴趣爱好","child":[{"name":"摄影"},
                            {"name":"旅游"},
                            {"name":"星座"},
                            {"name":"塔罗牌"},
                            {"name":"动漫"},
                            {"name":"围棋"},
                            {"name":"象棋"},
                            {"name":"游戏"},
                            {"name":"健身"},
                            {"name":"瑜伽"},
                            {"name":"羽毛球"},
                            {"name":"舞蹈"},
                            {"name":"汽车"},
                            {"name":"手工"},
                            {"name":"DIY"},
                            {"name":"其他"}
                            ]}  
],"tuijian":{"title":"推荐课程","desc":"孩子wwwwwwwwwwwwww学琴，家长到底是什么角色一级建造师考试必看考点财务管理 零基础入门课"}
},{ "model":"学术、TED、名校公开课","cModel":[
    {"title":"社会科学","child":[{"name":"历史"},
                            {"name":"心理学"},
                            {"name":"宗教"},
                            {"name":"经济学"},
                            {"name":"新闻/传媒"}
                            ]},
    {"title":"形式科学","child":[{"name":"数学"},
                            {"name":"数理逻辑"},
                            {"name":"计算机科学"}
                            ]},
    {"title":"自然科学","child":[{"name":"自然地理学"},
                            {"name":"天文学"},
                            {"name":"风水学"},
                            {"name":"化学"},
                            {"name":"物理学"},
                            {"name":"生物学"}
                            ]},
    {"title":"应用科学","child":[{"name":"运筹学"},
                            {"name":"土木工程"},
                            {"name":"软件工程"}
                            ]}                           
],"tuijian":{"title":"推荐课程","desc":"孩子学琴，家长到底是什么角色一级建造sdffdvdfvdfvd师考试必看考点财务管理 零基础入门课"}
}




]
