[
{"title":"IT/互联网/技能",
"atitle":["编程","设计","移动开发"],
"more":"更多",
"child":[{"img":"images/cz-1.jpg","tit":"python零基础入门10天搞定",
		"con":[{"tb":"&#xe74f;","num":"11","ks":"课时"},{"tb":"&#xe788;","num":"3.9万","ks":"次学习"}],
		"price":"免费"}
		,{"img":"images/cz-2.jpg","tit":"AI绘制矢量呆萌小鸡卡通形象 ",
		"con":[{"tb":"&#xe74f;","num":"1","ks":"课时"},{"tb":"&#xe788;","num":"2311","ks":"次学习"}],
		"price":"免费"},
		{"img":"images/cz-3.jpg","tit":"Android开发基础教程 ",
		"con":[{"tb":"&#xe74f;","num":"8","ks":"课时"},{"tb":"&#xe788;","num":"5144","ks":"次学习"}],
		"price":"免费"},
		{"img":"images/cz-4.jpg","tit":"实战中的运营之道 ",
		"con":[{"tb":"&#xe74f;","num":"4","ks":"课时"},{"tb":"&#xe788;","num":"1508","ks":"次学习"}],
		"price":"免费"}]
},{"title":"职场/理财/外语",
"atitle":["办公软件","求职面试","外语技能"],
"more":"更多",
"child":[{"img":"images/cz-5.jpg","tit":"Word 中的锦囊妙计",
		"con":[{"tb":"&#xe74f;","num":"3","ks":"课时"},{"tb":"&#xe788;","num":"3.2万","ks":"次学习"}],
		"price":"免费"}
		,{"img":"images/cz-6.jpg","tit":"看美剧练听说 ",
		"con":[{"tb":"&#xe74f;","num":"5","ks":"课时"},{"tb":"&#xe788;","num":"8345","ks":"次学习"}],
		"price":"免费"},
		{"img":"images/cz-7.jpg","tit":"女神经教你WPS",
		"con":[{"tb":"&#xe74f;","num":"100","ks":"课时"},{"tb":"&#xe788;","num":"2.3万","ks":"次学习"}],
		"price":"免费"},
		{"img":"images/cz-8.jpg","tit":"PPT设计秘笈",
		"con":[{"tb":"&#xe74f;","num":"32","ks":"课时"},{"tb":"&#xe788;","num":"1.6万","ks":"次学习"}],
		"price":"¥98.00"}]
},{"title":"考试/考级/考证",
"atitle":["财汇金融","英语入门","热门考试"],
"more":"更多",
"child":[{"img":"images/cz-9.jpg","tit":"雅思托福写作十大加分点  ",
		"con":[{"tb":"&#xe74f;","num":"1","ks":"课时"},{"tb":"&#xe788;","num":"1174","ks":"次学习"}],
		"price":"免费"}
		,{"img":"images/cz-10.jpg","tit":"银行从业-历年真题班  ",
		"con":[{"tb":"&#xe74f;","num":"5","ks":"课时"},{"tb":"&#xe788;","num":"63","ks":"次学习"}],
		"price":"¥9.90"},
		{"img":"images/cz-11.jpg","tit":"2017年会计从业资格会计基础 ",
		"con":[{"tb":"&#xe74f;","num":"60","ks":"课时"},{"tb":"&#xe788;","num":"8980","ks":"次学习"}],
		"price":"免费"},
		{"img":"images/cz-12.jpg","tit":"透析GMAT语法",
		"con":[{"tb":"&#xe74f;","num":"22","ks":"课时"},{"tb":"&#xe788;","num":"1620","ks":"次学习"}],
		"price":"免费"}]
},{"title":"生活/文化/兴趣",
"atitle":["摄影","星座","生活技巧"],
"more":"更多",
"child":[{"img":"images/cz-13.jpg","tit":"硬笔书法15天 ",
		"con":[{"tb":"&#xe74f;","num":"15","ks":"课时"},{"tb":"&#xe788;","num":"9955","ks":"次学习"}],
		"price":"免费"}
		,{"img":"images/cz-14.jpg","tit":"掌握英文唱歌技巧  ",
		"con":[{"tb":"&#xe74f;","num":"2","ks":"课时"},{"tb":"&#xe788;","num":"5047","ks":"次学习"}],
		"price":"免费"},
		{"img":"images/cz-15.jpg","tit":"设计师必学马克笔 ",
		"con":[{"tb":"&#xe74f;","num":"6","ks":"课时"},{"tb":"&#xe788;","num":"3140","ks":"次学习"}],
		"price":"免费"},
		{"img":"images/cz-16.jpg","tit":"手绘彩铅入门精品课 ",
		"con":[{"tb":"&#xe74f;","num":"3","ks":"课时"},{"tb":"&#xe788;","num":"5342","ks":"次学习"}],
		"price":"免费"}]
}
]
