[{"icon":"&#xe72c;","tit":"知心帮助","arr":["新手指南","我要听课","我要讲课","我要开学校","我要品牌推广"]},
{"icon":"&#xe793;","tit":"学习神器","arr":["百度传课KK","百度传课iPad版","百度传课iPhone版","百度传课Android版"]},
{"icon":"&#xe760;","tit":"关注我们","arr":["百度贴吧","新浪微博","QQ空间","官方微信","商业服务平台"]},
{"icon":"&#xe61d;","tit":"客服邮箱：<br/>chuanke-service@baidu.com<br/>在线客服：<img src='images/bz-10.png'/><br/>工作时间：周一至周五10:00-18:00","arr":["法定节假日除外"]}]
