{"img":["images/rz-1.jpg","images/rz-2.jpg"],
"title":"最近直播课",
"more":"更多",
"child":[{"tit":"直播中","achild":[{"time":"13:30","con":"3dmx软件案例实操讲解"},
								{"time":"14:00","con":"贵州省大院小学2016-2017学年三年级英语"},
								{"time":"14:00","con":"甘肃华池县定汉小学2016-2017学年三年级英语"}
							]
		},
		{"tit":"今天","achild":[{"time":"14:10","con":"甘肃省庆城县丁堡小学2016-2017学年二年级语文"},
								{"time":"14:10","con":"甘肃省庆城县吴家岔教学点2016-2017学年二年级语文"},
								{"time":"14:20","con":"甘肃省庆城县桐川郭旗小学2016-2017学年二年级语文"},
								{"time":"14:30","con":"2017会计基础+财经法规与会计职业道德"},
								{"time":"14:50","con":"贵州省平塘县高星小学2016-2017学年三年级数学"},
								{"time":"15:20","con":"甘肃省华池县小西沟小学2016-2017学年四年级英语"},
								{"time":"16:30","con":"会计基础"},
								{"time":"18:30","con":"延世韩国语4-直播"},
								{"time":"19:00","con":"硕学教育  2017年高复专科英语复习精讲"},
								{"time":"19:00","con":"硕学教育  2017年高复本科英语复习精讲"},
								{"time":"19:30","con":"【建筑实务】2017年一级建造师建筑实务精讲及每日作业讲解"},
								{"time":"20:00","con":"甘肃省庆城县安肴小学2016-2017学年五年级语文"},
								{"time":"20:00","con":"四年级数学下册黄冈习题基础训练+拓展"}
							]
		}
		]
}

