{"title":"明星讲师","child":[{"img":"images/rz-14.jpg","name":"赵剑锋-圣才教育","con":"中科院博士，圣才教育明星讲师。"},
							{"img":"images/rz-15.png","name":"笑老师-思维学园","con":"让学奥数有效更有笑！"},
							{"img":"images/rz-16.png","name":"若兰老师-全民网校","con":"设计学院资深平面讲师，一线平面设计师。"},
							{"img":"images/rz-17.jpg","name":"刘杰-格致教育","con":"跟清华状元，得物理高分。"}]}
